Date,Close/Last,Volume,Open,High,Low
03/19/2024,515.71,60755260,512.15,515.995,511.12
03/18/2024,512.86,88893330,514.00,515.48,512.44
03/15/2024,509.83,107646300,510.21,511.70,508.122
03/14/2024,514.95,110171800,516.97,517.125,511.82
03/13/2024,515.97,55104090,517.11,517.29,514.49
03/12/2024,516.78,73114440,513.45,517.38,510.86
03/11/2024,511.28,62557180,510.48,511.88,508.50
03/08/2024,511.72,86532540,515.46,518.2201,511.13
03/07/2024,514.81,58652090,513.14,515.89,509.8053
03/06/2024,509.75,68382370,510.55,512.069,508.42
03/05/2024,507.18,72855620,510.24,510.70,504.91
03/04/2024,512.30,49799260,512.03,514.20,512.00
03/01/2024,512.85,76844840,508.98,513.29,508.56
02/29/2024,508.08,83924800,508.07,509.74,505.35
02/28/2024,506.26,56506630,505.33,506.855,504.96
02/27/2024,506.93,48854530,506.70,507.16,504.75
02/26/2024,505.99,50386740,508.30,508.75,505.86
02/23/2024,507.85,61321820,509.27,510.13,507.10
02/22/2024,507.50,76402540,504.01,508.49,503.02
02/21/2024,497.21,59603770,495.42,497.37,493.56
02/20/2024,496.76,71736740,497.72,498.41,494.45
02/16/2024,499.51,75532930,501.70,502.87,498.75
02/15/2024,502.01,61682960,499.29,502.20,498.795
02/14/2024,498.57,68387830,496.79,499.07,494.40
02/13/2024,494.08,113099200,494.53,497.09,490.715
02/12/2024,500.98,56502280,501.17,503.50,500.24
02/09/2024,501.20,63979380,498.84,501.65,498.49
02/08/2024,498.32,52343640,498.10,498.71,497.26
02/07/2024,498.10,70556510,496.29,498.53,495.36
02/06/2024,493.98,55918600,493.52,494.32,492.05
02/05/2024,492.55,75757100,493.695,494.3778,490.23
02/02/2024,494.35,99228190,489.65,496.05,489.30
02/01/2024,489.20,91891640,484.63,489.23,483.80
01/31/2024,482.88,126011100,488.62,489.0813,482.86
01/30/2024,490.89,58618390,490.56,491.62,490.11
01/29/2024,491.27,61322750,487.73,491.415,487.17
01/26/2024,487.41,76641610,487.59,489.12,486.54
01/25/2024,488.03,72524990,487.575,488.305,485.39
01/24/2024,485.39,81765040,487.81,488.77,484.8819
01/23/2024,484.86,49945300,484.01,485.105,482.89
01/22/2024,483.45,75844930,484.01,485.22,482.78
01/19/2024,482.43,110834500,477.65,482.72,476.5374
01/18/2024,476.49,91856250,474.01,477.06,472.42
01/17/2024,472.29,68843870,471.82,472.79,469.87
01/16/2024,474.93,85014870,475.26,476.6098,473.06
01/12/2024,476.68,58026420,477.84,478.60,475.23
01/11/2024,476.35,77940720,477.59,478.12,472.26
01/10/2024,476.56,67310640,474.16,477.4481,473.87
01/09/2024,473.88,65931440,471.87,474.93,471.35
01/08/2024,474.60,74879070,468.43,474.75,468.30
01/05/2024,467.92,86118910,467.49,470.44,466.43
01/04/2024,467.28,84232170,468.30,470.96,467.05
01/03/2024,468.79,103585900,470.43,471.19,468.17
01/02/2024,472.65,123007800,472.16,473.67,470.49
12/29/2023,475.31,122283100,476.49,477.03,473.30
12/28/2023,476.69,77158120,476.88,477.55,476.26
12/27/2023,476.51,68000310,475.44,476.66,474.89
12/26/2023,475.65,55386950,474.07,476.58,473.99
12/22/2023,473.65,67160420,473.86,475.38,471.70
12/21/2023,472.70,86667470,471.33,472.975,468.84
12/20/2023,468.26,102921000,473.96,475.895,467.82
12/19/2023,474.84,55761810,472.53,474.92,472.45
12/18/2023,471.97,70375290,470.98,472.98,469.8929
12/15/2023,469.33,141553700,469.49,470.70,467.4263
12/14/2023,472.01,119026000,472.50,473.73,469.25
12/13/2023,470.50,93277960,464.49,470.7599,464.12
12/12/2023,464.10,68327620,461.63,464.20,460.60
12/11/2023,461.99,65002250,459.69,462.17,459.47
12/08/2023,460.20,83194400,457.46,460.745,457.21
12/07/2023,458.23,66995450,456.91,458.90,456.29
12/06/2023,454.76,69124690,458.81,458.84,454.31
12/05/2023,456.60,69793470,455.26,457.59,454.87
12/04/2023,456.69,72430890,455.60,459.1206,454.34
12/01/2023,459.10,89183400,455.77,459.65,455.16
11/30/2023,456.40,79752700,455.48,456.76,453.34
11/29/2023,454.61,63145990,457.15,458.32,454.20
11/28/2023,454.93,62115010,454.08,456.27,453.50
11/27/2023,454.48,50505990,454.65,455.4901,454.0799
11/24/2023,455.30,29737380,455.07,455.50,454.73
11/22/2023,455.02,59446570,454.98,456.38,453.8895
11/21/2023,453.27,49244640,453.1842,454.131,451.9599
11/20/2023,454.26,70055630,450.53,455.125,450.52
11/17/2023,450.79,83193900,450.24,451.42,449.29
11/16/2023,450.23,66665800,449.22,450.56,448.12
11/15/2023,449.68,77327570,450.11,451.38,448.80
11/14/2023,448.73,97176940,446.32,450.06,446.09
11/13/2023,440.19,52236070,439.23,441.33,438.42
11/10/2023,440.61,89558050,435.98,440.93,433.8335
11/09/2023,433.84,83174420,438.43,438.47,433.40
11/08/2023,437.25,61746030,437.55,438.09,434.87
11/07/2023,436.93,64256110,435.69,437.585,434.51
11/06/2023,435.69,67831660,435.47,436.1498,433.68
11/03/2023,434.69,100167800,433.14,436.29,433.01
11/02/2023,430.76,94938910,426.58,430.915,426.56
11/01/2023,422.66,98068120,419.20,423.50,418.6499
10/31/2023,418.20,79665150,416.18,418.53,414.21
10/30/2023,415.59,86562680,413.56,416.68,412.22
10/27/2023,410.68,107367700,414.19,414.60,409.21
10/26/2023,412.55,115156800,416.45,417.325,411.60
10/25/2023,417.55,94223200,421.89,421.92,417.015
10/24/2023,423.63,78564240,422.65,424.82,420.74
10/23/2023,420.46,92035100,419.61,424.45,417.80
10/20/2023,421.19,123919900,425.98,426.54,421.08
10/19/2023,426.43,121323000,430.95,432.82,425.725
10/18/2023,430.21,93559800,434.19,435.18,429.09
10/17/2023,436.02,75324710,432.81,438.14,432.45
10/16/2023,436.04,75433190,433.82,437.14,433.57
10/13/2023,431.50,95201130,435.21,436.45,429.88
10/12/2023,433.66,81154230,436.95,437.335,431.23
10/11/2023,436.32,62451740,435.64,436.58,433.18
10/10/2023,434.54,78607270,432.94,437.22,432.53
10/09/2023,432.29,80374360,427.58,432.88,427.0101
10/06/2023,429.54,113273300,421.97,431.125,420.60
10/05/2023,424.50,70142740,424.36,425.37,421.1701
10/04/2023,424.66,87452970,422.07,425.4299,420.56
10/03/2023,421.59,103760600,425.06,427.3729,420.18
10/02/2023,427.31,83798600,426.62,428.60,424.46
09/29/2023,427.48,115111300,431.67,431.85,425.91
09/28/2023,428.52,92258310,425.48,430.2499,424.87
09/27/2023,426.05,104705800,427.09,427.67,422.29
09/26/2023,425.88,96168440,429.09,429.82,425.02
09/25/2023,432.23,70874530,429.17,432.27,428.72
09/22/2023,430.42,100829700,432.45,434.10,429.99
09/21/2023,431.39,104095800,435.70,435.97,431.23
09/20/2023,438.64,82562600,444.01,444.435,438.43
09/19/2023,442.71,66514650,442.68,443.29,439.94
09/18/2023,443.63,55752210,443.05,444.97,442.56
09/15/2023,443.37,111848900,447.14,447.48,442.92
09/14/2023,450.36,83430810,449.07,451.08,447.715
09/13/2023,446.51,60199270,446.22,447.71,445.0793
09/12/2023,445.99,67565420,446.95,448.53,445.39
09/11/2023,448.45,60180120,448.24,448.77,446.4699
09/08/2023,445.52,62068440,444.90,447.11,444.53
09/07/2023,444.85,70355430,443.11,445.55,442.75
09/06/2023,446.22,70758510,448.40,448.51,443.81
09/05/2023,449.24,55166210,450.73,451.06,449.17
09/01/2023,451.19,58944100,453.17,453.67,449.68
08/31/2023,450.35,66084560,451.65,452.83,450.16
08/30/2023,451.01,69053910,449.51,451.67,448.78
08/29/2023,449.16,83081920,442.65,449.45,442.46
08/28/2023,442.76,61595390,442.24,443.40,439.9728
08/25/2023,439.97,102325100,438.68,441.30,435.00
08/24/2023,436.89,88517270,444.69,445.22,436.855
08/23/2023,443.03,68441020,439.25,443.67,439.10
08/22/2023,438.15,65062860,441.18,441.18,437.57
08/21/2023,439.34,68718960,437.55,440.11,435.32
08/18/2023,436.50,98851960,433.37,437.57,433.01
08/17/2023,436.29,95711320,441.16,441.43,435.75
08/16/2023,439.64,80107210,442.46,444.18,439.53
08/15/2023,442.89,75707530,446.27,446.64,442.30
08/14/2023,448.11,47867440,444.70,448.11,444.38
08/11/2023,445.65,68690900,443.97,446.7007,443.345
08/10/2023,445.91,93005500,448.19,451.70,444.70
08/09/2023,445.75,78789580,449.03,449.1999,444.96
08/08/2023,448.75,71361320,448.08,450.6952,445.2705
08/07/2023,450.71,58357460,448.71,450.865,447.99
08/04/2023,446.81,100128900,450.72,452.895,446.27
08/03/2023,448.84,64419690,448.04,450.79,447.37
08/02/2023,450.13,93933370,453.25,453.52,449.3499
08/01/2023,456.48,55502200,456.27,457.25,455.49
07/31/2023,457.79,62040450,457.41,458.16,456.045
07/28/2023,456.92,80011790,455.88,457.78,452.4918
07/27/2023,452.49,92194380,459.02,459.44,451.55
07/26/2023,455.51,71052890,454.47,456.99,453.38
07/25/2023,455.44,55191240,453.92,456.735,453.87
07/24/2023,454.20,54023380,453.37,455.04,452.298
07/21/2023,452.18,71275620,453.96,454.165,452.17
07/20/2023,452.18,70591640,454.17,455.10,451.44
07/19/2023,455.20,65891690,455.01,456.43,454.1119
07/18/2023,454.19,80744450,450.50,454.86,450.0484
07/17/2023,450.84,52680220,449.13,451.93,449.08
07/14/2023,449.28,69815820,450.475,451.36,448.49
07/13/2023,449.56,72425240,447.90,450.38,447.45
07/12/2023,446.02,91924530,446.39,447.4799,444.91
07/11/2023,442.46,64463750,440.45,442.97,439.44
07/10/2023,439.66,62443500,438.18,439.84,437.585
07/07/2023,438.55,86134180,438.63,442.64,438.30
07/06/2023,439.66,80658300,439.42,440.10,437.06
07/05/2023,443.13,58418430,441.91,443.889,441.90
07/03/2023,443.79,32793380,442.92,444.08,442.63
06/30/2023,443.28,104964000,441.44,444.30,441.11
06/29/2023,438.11,67882300,435.96,438.28,435.54
06/28/2023,436.39,75635980,435.05,437.44,434.41
06/27/2023,436.17,72813700,432.35,436.81,431.88
06/26/2023,431.44,72823560,432.62,434.61,431.19
06/23/2023,433.21,92074540,432.93,435.06,432.47
06/22/2023,436.51,70637180,433.95,436.62,433.60
06/21/2023,434.94,76982250,436.16,436.99,434.33
06/20/2023,437.18,76160360,437.45,438.37,435.03
06/16/2023,439.46,114165800,443.02,443.6078,438.97
06/15/2023,442.60,110303100,436.33,443.90,436.23
06/14/2023,437.18,100612100,437.01,439.0612,433.59
06/13/2023,436.66,95899700,435.32,437.33,434.63
06/12/2023,433.80,76256700,430.92,433.88,430.17
06/09/2023,429.90,85647270,429.96,431.99,428.87
06/08/2023,429.13,61952840,426.62,429.60,425.82
06/07/2023,426.55,85373280,428.44,429.62,426.11
06/06/2023,428.03,64022180,426.67,428.5772,425.99
06/05/2023,427.10,65460160,428.28,429.62,426.37
06/02/2023,427.92,91426170,424.50,428.74,423.95
06/01/2023,421.82,88865020,418.09,422.92,416.79
05/31/2023,417.85,110811800,418.28,419.22,416.22
05/30/2023,420.18,72215960,422.03,422.58,418.735
05/26/2023,420.02,93829980,415.33,420.77,415.25
05/25/2023,414.65,90961610,414.74,416.16,412.4101
05/24/2023,411.09,89213680,412.42,412.82,409.8795
05/23/2023,414.09,86383490,417.08,418.722,413.68
05/22/2023,418.79,60745400,418.64,420.39,417.35
05/19/2023,418.62,103793300,420.17,420.72,417.35
05/18/2023,419.23,97177200,414.90,419.67,414.67
05/17/2023,415.23,87286960,412.35,415.855,410.635
05/16/2023,410.25,57705500,411.86,412.815,410.24
05/15/2023,413.01,54289380,412.22,413.43,410.23
05/12/2023,411.59,70481550,413.42,413.64,409.07
05/11/2023,412.13,70157060,411.95,412.43,409.97
05/10/2023,412.85,96142920,413.88,414.535,408.87
05/09/2023,410.93,49220120,411.13,412.09,410.6894
05/08/2023,412.74,50046770,412.97,413.24,411.28
05/05/2023,412.63,87891790,408.91,413.72,408.64
05/04/2023,405.13,94901860,406.93,407.27,403.74
05/03/2023,408.02,91531770,411.36,413.87,407.77
05/02/2023,410.84,103998500,414.77,414.82,407.82
05/01/2023,415.51,62122250,415.47,417.62,415.265
04/28/2023,415.93,89433140,411.49,415.94,411.43
04/27/2023,412.41,92968370,407.00,412.69,406.74
04/26/2023,404.36,80447050,406.72,407.84,403.78
04/25/2023,406.08,97766720,410.58,411.16,406.02
04/24/2023,412.63,64332100,411.99,413.07,410.60
04/21/2023,412.20,73457420,412.19,412.68,410.17
04/20/2023,411.88,75840360,411.21,413.70,410.27
04/19/2023,414.14,55227330,412.22,415.08,412.16
04/18/2023,414.21,63560000,415.58,415.72,412.7802
04/17/2023,413.94,66436400,412.37,413.96,411.085
04/14/2023,412.46,78161500,412.81,415.09,410.06
04/13/2023,413.47,85814750,409.18,413.84,407.9922
04/12/2023,408.05,86420380,411.87,412.17,407.44
04/11/2023,409.72,59297950,410.26,411.18,408.92
04/10/2023,409.61,63681040,406.61,409.69,405.97
04/06/2023,409.19,63743350,406.77,409.48,405.678
04/05/2023,407.60,65200240,407.91,408.70,405.88
04/04/2023,408.67,66601530,411.62,411.92,407.24
04/03/2023,410.95,67391100,408.85,411.37,408.44
03/31/2023,409.39,112062600,404.66,409.70,404.55
03/30/2023,403.70,69840050,404.09,404.35,401.76
03/29/2023,401.35,77497880,399.925,401.60,398.68
03/28/2023,395.60,62871680,395.77,396.49,393.69
03/27/2023,396.49,74010410,398.12,398.92,395.56
03/24/2023,395.75,107770100,391.841,395.84,389.40
03/23/2023,393.17,119351300,395.09,399.29,390.35
03/22/2023,392.11,111746600,398.73,402.49,392.07
03/21/2023,398.91,91524250,397.24,399.41,395.58
03/20/2023,393.74,93055780,390.80,394.17,390.07
03/17/2023,389.99,140553400,393.22,394.40,388.55
03/16/2023,396.11,143753900,386.82,396.47,386.29
03/15/2023,389.28,172996900,385.89,389.49,383.71
03/14/2023,391.73,149752400,390.50,393.45,387.05
03/13/2023,385.36,157790000,381.81,390.39,380.65
03/10/2023,385.91,189253000,390.99,393.16,384.32
03/09/2023,391.56,111945300,399.74,401.48,390.53
03/08/2023,398.92,74746630,398.39,399.71,396.59
03/07/2023,398.27,108310600,404.42,404.67,397.625
03/06/2023,404.47,72795950,405.05,407.45,404.01
03/03/2023,404.19,90119950,399.71,404.45,399.03
03/02/2023,397.81,85404730,392.68,398.69,392.33
03/01/2023,394.74,99706820,395.41,396.69,393.38
02/28/2023,396.26,96438570,397.23,399.28,396.15
02/27/2023,397.73,80444740,399.87,401.29,396.75
02/24/2023,396.38,108194400,395.42,397.25,393.64
02/23/2023,400.66,96242400,401.56,402.20,396.25
02/22/2023,398.54,83742290,399.52,401.13,397.02
02/21/2023,399.09,82655920,403.06,404.16,398.82
02/17/2023,407.26,89257820,406.06,407.51,404.05
02/16/2023,408.28,76431470,408.79,412.91,408.14
02/15/2023,413.98,61685280,410.35,414.06,409.47
02/14/2023,412.64,88389310,411.24,415.05,408.511
02/13/2023,412.83,64913540,408.72,412.97,408.24
02/10/2023,408.04,70769720,405.86,408.44,405.01
02/09/2023,407.09,78694860,414.41,414.57,405.81
02/08/2023,410.65,76227460,413.13,414.53,409.93
02/07/2023,415.19,90990750,408.87,416.49,407.57
02/06/2023,409.83,60295330,409.79,411.29,408.10
02/03/2023,412.35,94736780,411.59,416.97,411.09
02/02/2023,416.78,101654500,414.86,418.31,412.88
02/01/2023,410.80,101459200,405.211,413.67,402.35
01/31/2023,406.48,86811790,401.13,406.53,400.77
01/30/2023,400.59,74202020,402.80,405.13,400.28
01/27/2023,405.68,68346180,403.655,408.16,403.44
01/26/2023,404.75,72287430,403.13,404.92,400.03
01/25/2023,400.35,84800250,395.95,400.70,393.56
01/24/2023,400.20,59524910,398.88,401.15,397.64
01/23/2023,400.63,84178800,396.72,402.645,395.72
01/20/2023,395.88,91806360,390.10,396.04,388.38
01/19/2023,388.64,86958920,389.36,391.08,387.26
01/18/2023,391.49,99632260,399.01,400.12,391.28
01/17/2023,397.77,62677280,398.48,400.23,397.06
01/13/2023,398.50,63903930,393.62,399.10,393.34
01/12/2023,396.96,90157700,396.67,398.485,392.42
01/11/2023,395.52,68881080,392.23,395.60,391.38
01/10/2023,390.58,65358090,387.25,390.65,386.27
01/09/2023,387.86,73978070,390.37,393.70,387.67
01/06/2023,388.08,104189600,382.61,389.25,379.4127
01/05/2023,379.38,76970460,381.72,381.84,378.76
01/04/2023,383.76,85934100,383.18,385.88,380.00
01/03/2023,380.82,74850730,384.37,386.43,377.831
12/30/2022,382.43,84022210,380.64,382.58,378.43
12/29/2022,383.44,66970880,379.63,384.35,379.08
12/28/2022,376.66,70911520,381.33,383.39,376.42
12/27/2022,381.40,51638180,382.79,383.15,379.65
12/23/2022,382.91,59857330,379.65,383.06,378.03
12/22/2022,380.72,100120900,383.05,386.2134,374.77
12/21/2022,386.23,78167370,383.25,387.41,382.69
12/20/2022,380.54,74427240,379.23,382.23,377.85
12/19/2022,380.02,79878100,383.47,383.82,378.28
12/16/2022,383.27,119858000,385.18,386.575,381.04
12/15/2022,389.63,117705900,394.30,395.25,387.885
12/14/2022,399.40,108111300,401.61,405.50,396.31
12/13/2022,401.97,123782500,410.22,410.49,399.07
12/12/2022,398.95,75405840,394.11,398.95,393.412
12/09/2022,393.28,81447730,394.94,397.62,393.15
12/08/2022,396.24,60737910,395.14,397.36,393.2684
12/07/2022,393.16,65927900,392.94,395.64,391.97
12/06/2022,393.83,77972220,399.42,399.99,391.64
12/05/2022,399.59,77289820,403.95,404.93,398.17
12/02/2022,406.91,85342730,402.25,407.86,402.14
12/01/2022,407.38,76398170,408.77,410.00,404.75
11/30/2022,407.68,144566700,395.49,407.68,393.48
11/29/2022,395.23,52310040,396.05,397.30,393.30
11/28/2022,395.91,68021750,399.09,400.81,395.11
11/25/2022,402.33,30545430,401.83,402.91,401.535
11/23/2022,402.42,68261630,399.55,402.93,399.31
11/22/2022,399.90,60429030,396.63,400.07,395.1527
11/21/2022,394.59,51243190,394.64,395.82,392.66
11/18/2022,396.03,92922450,397.74,397.81,393.04
11/17/2022,394.24,74496260,390.46,394.95,390.14
11/16/2022,395.45,68508450,396.78,397.78,394.79
11/15/2022,398.49,93194450,401.15,402.31,394.49
11/14/2022,395.12,71893170,396.66,400.1799,394.83
11/11/2022,398.51,93839870,395.59,399.35,393.61
11/10/2022,394.69,141455800,388.05,395.04,385.642
11/09/2022,374.13,78495470,379.93,381.14,373.61
11/08/2022,382.00,84641060,381.11,385.12,377.72
11/07/2022,379.95,68286950,377.71,380.57,375.53
11/04/2022,376.35,103505200,377.00,378.87,370.00
11/03/2022,371.01,87100120,371.465,374.20,368.79
11/02/2022,374.87,126990400,383.90,388.63,374.76
11/01/2022,384.52,85407600,390.14,390.39,383.29
10/31/2022,386.21,96631260,386.44,388.40,385.26
10/28/2022,389.02,100302000,379.87,389.52,379.68
10/27/2022,379.98,81971760,383.07,385.00,379.33
10/26/2022,382.02,104087300,381.62,387.58,381.35
10/25/2022,384.92,78846350,378.79,385.25,378.671
10/24/2022,378.87,85436910,375.89,380.06,373.11
10/21/2022,374.29,131038400,365.12,374.80,363.54
10/20/2022,365.41,88283090,368.03,372.67,364.61
10/19/2022,368.50,79746860,368.99,371.85,365.55
10/18/2022,371.13,97162850,375.13,375.45,367.52
10/17/2022,366.82,93168230,364.01,367.9799,357.2808
10/14/2022,357.63,123737000,368.55,370.26,356.96
10/13/2022,365.97,147254500,349.205,367.51,348.11
10/12/2022,356.56,76991800,358.17,359.8179,356.30
10/11/2022,357.74,92482790,358.235,363.03,355.71
10/10/2022,360.02,76042770,363.96,364.21,357.67
10/07/2022,362.79,107789500,368.97,373.2933,360.94
10/06/2022,373.20,82333540,375.62,378.72,372.68
10/05/2022,377.09,88065670,373.39,379.46,370.95
10/04/2022,377.97,103602800,372.40,378.00,366.5677
10/03/2022,366.61,89756480,361.08,368.55,359.21
09/30/2022,357.18,153711200,361.80,365.91,357.04
09/29/2022,362.79,112952300,366.81,367.11,359.70
09/28/2022,370.53,110802200,364.38,372.30,362.60
09/27/2022,363.38,108294100,368.02,370.40,360.87
09/26/2022,364.31,92581240,366.41,370.21,363.0299
09/23/2022,367.95,122346900,370.58,370.62,363.29
09/22/2022,374.22,89472640,376.58,378.30,373.44
09/21/2022,377.39,106746600,386.11,389.31,377.38
09/20/2022,384.09,77274880,385.06,386.12,381.195
09/19/2022,388.55,73278490,382.26,388.55,382.1784
09/16/2022,385.56,103084800,384.14,386.25,382.11
09/15/2022,390.12,87633840,392.96,395.96,388.78
09/14/2022,394.60,85023750,394.47,396.20,391.12
09/13/2022,393.10,122947100,401.83,403.10,391.92
09/12/2022,410.97,69256260,408.78,411.73,408.46
09/09/2022,406.60,76706920,402.74,407.51,402.46
09/08/2022,400.38,80821680,395.39,400.86,394.12
09/07/2022,397.78,70964230,390.43,398.59,390.20
09/06/2022,390.76,76637400,393.13,394.12,388.42
09/02/2022,392.24,99632150,400.28,401.555,390.33
09/01/2022,396.42,78740080,392.89,396.78,390.04
08/31/2022,395.18,76029670,399.93,401.24,395.04
08/30/2022,398.21,85652440,403.85,404.10,396.00
08/29/2022,402.63,65370810,402.20,405.84,401.1999
08/26/2022,405.31,103087000,419.39,419.96,405.25
08/25/2022,419.51,50942250,415.24,419.56,414.09
08/24/2022,413.67,49177800,412.11,415.1101,411.39
08/23/2022,412.35,49105250,412.90,415.42,411.77
08/22/2022,413.35,77695640,417.05,417.23,412.40
08/19/2022,422.14,68016900,424.98,425.26,421.22
08/18/2022,427.89,49023210,426.86,428.61,425.50
08/17/2022,426.65,63563390,425.91,429.50,424.54
08/16/2022,429.70,59289040,427.73,431.73,426.88
08/15/2022,428.86,54048280,424.765,429.41,424.71
08/12/2022,427.10,61694540,422.03,427.21,421.03
08/11/2022,419.99,59489700,422.99,424.95,419.21
08/10/2022,419.99,68665710,418.78,420.14,416.72
08/09/2022,411.35,44931770,412.22,412.75,410.22
08/08/2022,412.99,54025970,415.25,417.62,411.83
08/05/2022,413.47,56814930,409.66,414.15,409.60
08/04/2022,414.17,45656570,414.37,415.09,412.44
08/03/2022,414.45,67820560,410.30,415.68,410.00
08/02/2022,408.06,63435420,409.12,413.00,406.82
08/01/2022,410.77,69997470,409.15,413.41,408.40
07/29/2022,411.99,87003670,407.58,413.03,406.77
07/28/2022,406.07,73966560,401.89,406.80,398.15
07/27/2022,401.04,82342110,394.36,402.88,394.05
07/26/2022,390.89,52946390,393.84,394.06,389.95
07/25/2022,395.57,53631490,395.75,396.47,393.21
07/22/2022,395.09,72197330,398.92,400.18,392.75
07/21/2022,398.79,64903860,394.16,398.84,391.63
07/20/2022,394.77,71843770,392.47,396.26,391.03
07/19/2022,392.27,78505970,386.08,392.87,385.39
07/18/2022,381.95,63203630,388.38,389.09,380.66
07/15/2022,385.13,79060380,382.55,385.25,380.54
07/14/2022,377.91,89704820,373.61,379.0498,371.04
07/13/2022,378.83,84224650,375.10,381.92,374.658
07/12/2022,380.83,62219180,383.65,386.16,378.99
07/11/2022,384.23,58366950,385.85,386.87,383.50
07/08/2022,388.67,72397770,387.27,390.64,385.66
07/07/2022,388.99,64525920,385.12,389.83,383.267
07/06/2022,383.25,70426240,382.11,385.87,379.60
07/05/2022,381.96,81437970,375.88,381.98,372.90
07/01/2022,381.24,74839730,376.56,381.70,373.80
06/30/2022,377.25,112508300,376.24,380.6582,372.56
06/29/2022,380.34,65676000,381.23,382.27,378.42
06/28/2022,380.65,86689820,390.23,393.16,380.53
06/27/2022,388.59,66009620,391.05,391.36,387.44
06/24/2022,390.08,98050330,381.40,390.09,381.365
06/23/2022,378.06,79292140,376.64,378.83,372.89
06/22/2022,374.39,90059420,370.62,378.72,370.18
06/21/2022,375.07,76811860,371.89,376.525,371.81
06/17/2022,365.86,111113900,365.51,369.38,362.17
06/16/2022,366.65,134473300,370.51,370.94,364.0799
06/15/2022,379.20,125666800,377.36,383.90,372.12
06/14/2022,373.87,104011800,376.85,377.94,370.59
06/13/2022,375.00,170004900,379.85,381.81,373.30
06/10/2022,389.80,132893900,394.88,395.7777,389.75
06/09/2022,401.44,86289800,409.34,411.74,401.44
06/08/2022,411.22,64349970,413.93,415.82,410.38
06/07/2022,415.74,59272370,408.10,416.22,407.61
06/06/2022,411.79,57508860,414.78,416.609,410.5523
06/03/2022,410.54,71874280,412.40,414.04,409.51
06/02/2022,417.39,79609630,409.42,417.44,407.04
06/01/2022,409.59,86585810,415.17,416.24,406.93
05/31/2022,412.93,95936980,413.55,416.46,410.03
05/27/2022,415.26,84768710,407.91,415.3801,407.70
05/26/2022,405.31,82168340,398.67,407.04,398.45
05/25/2022,397.37,91472870,392.31,399.45,391.89
05/24/2022,393.89,91448830,392.56,395.15,386.96
05/23/2022,396.92,76414880,392.83,397.73,390.38
05/20/2022,389.63,131432200,393.25,397.03,380.54
05/19/2022,389.46,98510720,388.62,394.14,387.11
05/18/2022,391.86,117674500,403.50,403.80,390.55
05/17/2022,408.32,83029710,406.53,408.57,402.5824
05/16/2022,400.09,78622440,399.98,403.97,397.60
05/13/2022,401.72,104174400,396.71,403.18,395.61
05/12/2022,392.34,125090800,389.37,395.80,385.15
05/11/2022,392.75,142361000,398.07,404.04,391.96
05/10/2022,399.09,132497200,404.49,406.08,394.82
05/09/2022,398.17,155586100,405.10,406.41,396.50
05/06/2022,411.34,151770800,411.10,414.80,405.73
05/05/2022,413.81,172929100,424.55,425.00,409.44
05/04/2022,429.06,144247900,417.08,429.66,413.7099
05/03/2022,416.38,100028200,415.01,418.93,413.36
05/02/2022,414.48,158312500,412.07,415.92,405.02
04/29/2022,412.00,145491100,423.59,425.87,411.21
04/28/2022,427.81,105449100,422.29,429.64,417.60
04/27/2022,417.27,122030000,417.24,422.92,415.01
04/26/2022,416.10,103996300,425.83,426.04,416.07
04/25/2022,428.51,119647700,423.67,428.69,418.84
04/22/2022,426.04,132471800,436.91,438.0825,425.44
04/21/2022,438.06,85417330,448.54,450.01,437.10
04/20/2022,444.71,65224450,446.92,447.57,443.48
04/19/2022,445.04,77821010,437.86,445.80,437.68
04/18/2022,437.97,66002500,436.81,439.75,435.61
04/14/2022,437.79,97869450,443.55,444.7301,437.68
04/13/2022,443.31,74070390,438.03,444.11,437.84
04/12/2022,438.29,84363640,443.08,445.75,436.6501
04/11/2022,439.92,89770540,444.11,445.00,439.39
04/08/2022,447.57,79272710,447.97,450.63,445.94
04/07/2022,448.77,78097210,445.59,450.69,443.53
04/06/2022,446.52,106898000,446.89,448.93,443.47
04/05/2022,451.03,74214500,455.22,457.83,449.82
04/04/2022,456.80,59601000,453.13,456.91,452.26
04/01/2022,452.92,89048770,453.31,453.46,449.14
03/31/2022,451.64,121699900,457.89,458.76,451.16
03/30/2022,458.70,79666940,460.34,461.195,456.465
03/29/2022,461.55,86581540,460.02,462.07,457.18
03/28/2022,455.91,68529770,452.06,455.91,450.06
03/25/2022,452.69,77101320,451.16,452.98,448.43
03/24/2022,450.49,64736890,445.94,450.50,444.76
03/23/2022,443.80,79426100,446.91,448.49,443.71
03/22/2022,449.59,74650390,445.86,450.58,445.86
03/21/2022,444.39,88349760,444.34,446.46,440.68
03/18/2022,444.52,106345500,438.00,444.86,437.22
03/17/2022,441.07,102676900,433.59,441.07,433.19
03/16/2022,435.62,144954800,429.89,435.68,424.80
03/15/2022,426.17,106219100,419.77,426.84,418.42
03/14/2022,417.00,95729190,420.89,424.55,415.79
03/11/2022,420.07,95636280,428.12,428.77,419.53
03/10/2022,425.48,93972660,422.52,426.43,420.44
03/09/2022,427.41,116990800,425.14,429.51,422.82
03/08/2022,416.25,164772700,419.62,427.21,415.12
03/07/2022,419.43,137896600,431.55,432.3018,419.36
03/04/2022,432.17,114083300,431.75,433.37,427.88
03/03/2022,435.71,105501700,440.47,441.11,433.80
03/02/2022,437.89,117726500,432.37,439.72,431.57
03/01/2022,429.98,137785900,435.04,437.17,427.11
02/28/2022,436.63,145615000,432.03,438.20,430.70
02/25/2022,437.75,121804500,429.61,437.84,427.86
02/24/2022,428.30,213942900,411.02,428.76,410.64
02/23/2022,421.95,132578000,432.66,433.26,421.35
02/22/2022,429.57,124391800,431.89,435.50,425.86
02/18/2022,434.23,132642900,437.33,438.66,431.82
02/17/2022,437.06,102259100,443.22,446.5652,436.42
02/16/2022,446.60,84863590,443.93,448.055,441.94
02/15/2022,446.10,88659500,443.73,446.28,443.18
02/14/2022,439.02,123006300,439.92,441.60,435.34
02/11/2022,440.46,153214600,449.41,451.605,438.94
02/10/2022,449.32,140103700,451.34,457.71,447.20
02/09/2022,457.54,92589930,455.22,457.88,455.005
02/08/2022,450.94,81012040,446.73,451.92,445.22
02/07/2022,447.26,84472860,449.51,450.99,445.85
02/04/2022,448.70,118454400,446.35,452.78,443.83
02/03/2022,446.60,118024400,450.95,452.97,445.71
02/02/2022,457.35,117361000,455.50,458.12,453.05
02/01/2022,452.95,123155400,450.68,453.63,446.9384
01/31/2022,449.91,152251400,441.24,450.28,439.81
01/28/2022,441.95,164457400,432.68,442.00,427.82
01/27/2022,431.24,149878300,438.26,441.59,429.45
01/26/2022,433.38,186391100,440.72,444.04,428.86
01/25/2022,434.47,167997300,433.06,439.72,427.15
01/24/2022,439.84,252496700,432.03,440.38,420.76
01/21/2022,437.98,202271200,445.56,448.06,437.95
01/20/2022,446.75,122379700,453.75,458.74,444.50
01/19/2022,451.75,109357600,458.13,459.6124,451.46
01/18/2022,456.49,109872400,459.74,459.96,455.31
01/14/2022,464.72,95890950,461.19,465.09,459.90
01/13/2022,464.53,91173120,472.19,472.88,463.44
01/12/2022,471.02,67605440,471.59,473.20,468.94
01/11/2022,469.75,74303060,465.23,469.85,462.05
01/10/2022,465.51,119362000,462.70,465.74,456.5973
01/07/2022,466.09,85111590,467.95,469.20,464.65
01/06/2022,467.94,86858900,467.89,470.82,465.43
01/05/2022,468.38,104538900,477.16,477.98,468.2801
01/04/2022,477.55,71178680,479.22,479.98,475.58
01/03/2022,477.71,72668230,476.30,477.85,473.85
12/31/2021,474.96,65237430,475.64,476.86,474.67
12/30/2021,476.16,55329040,477.93,479.00,475.67
12/29/2021,477.48,54502960,476.98,478.56,475.92
12/28/2021,476.87,47274590,477.72,478.81,476.06
12/27/2021,477.26,56808620,472.06,477.31,472.01
12/23/2021,470.60,56439750,468.75,472.19,468.64
12/22/2021,467.69,58890220,462.79,467.81,462.58
12/21/2021,463.06,69806260,458.61,463.21,456.31
12/20/2021,454.98,107134800,454.48,455.40,451.14
12/17/2021,459.87,135636500,461.55,464.74,458.06
12/16/2021,466.45,116568600,472.57,472.87,464.80
12/15/2021,470.60,116899300,463.42,470.86,460.74
12/14/2021,463.36,97264130,463.09,465.74,460.25
12/13/2021,466.57,87724680,470.19,470.56,466.27
12/10/2021,470.74,77159760,469.23,470.90,466.51
12/09/2021,466.35,61272570,468.15,469.6291,466.14
12/08/2021,469.52,72238780,468.70,470.00,466.83
12/07/2021,468.28,95484690,464.41,468.88,458.6546
12/06/2021,458.79,98977530,456.13,460.79,453.56
12/03/2021,453.42,137331600,459.17,460.30,448.92
12/02/2021,457.40,127637800,450.73,459.07,450.31
12/01/2021,450.50,132485800,461.64,464.67,450.29
11/30/2021,455.56,148559600,462.00,464.03,455.30
11/29/2021,464.60,86268820,464.07,466.56,461.73
11/26/2021,458.97,112669600,462.34,463.90,457.77
11/24/2021,469.44,61858810,466.06,469.57,465.19
11/23/2021,468.19,73206540,467.22,469.095,464.45
11/22/2021,467.57,72761950,470.89,473.54,467.35
11/19/2021,468.89,57315570,469.61,470.94,468.50
11/18/2021,469.73,50625610,469.24,470.01,466.34
11/17/2021,468.14,47858290,469.00,469.19,467.48
11/16/2021,469.28,48857500,467.15,470.485,467.07
11/15/2021,467.43,46980500,468.64,468.81,466.23
11/12/2021,467.27,53466650,465.12,467.86,464.11
11/11/2021,463.77,34848500,465.21,465.29,463.75
11/10/2021,463.62,69429650,465.58,467.38,462.04
11/09/2021,467.38,51149150,469.32,469.57,465.88
11/08/2021,468.93,50405190,469.70,470.23,468.2031
11/05/2021,468.53,66390560,469.28,470.65,466.92
11/04/2021,466.91,52847090,465.36,467.00,464.99
11/03/2021,464.72,52509830,461.30,465.15,460.83
11/02/2021,461.90,48908420,460.22,462.23,460.08
11/01/2021,460.04,48433640,460.30,460.7021,458.20
10/29/2021,459.25,70162420,455.87,459.56,455.56
10/28/2021,458.32,51437940,455.46,458.40,455.45
10/27/2021,453.94,72438000,456.45,457.16,453.86
10/26/2021,455.96,56075120,457.20,458.49,455.56
10/25/2021,455.55,45214510,454.28,455.90,452.39
10/22/2021,453.12,58845090,453.13,454.67,451.05
10/21/2021,453.59,41305440,451.77,453.829,451.31
10/20/2021,452.41,49571570,451.13,452.732,451.01
10/19/2021,450.64,46996830,448.92,450.71,448.27
10/18/2021,447.19,62213230,443.97,447.55,443.27
10/15/2021,445.87,66260210,444.75,446.26,444.09
10/14/2021,442.50,70236830,439.08,442.66,438.58
10/13/2021,435.18,72973980,434.71,436.05,431.54
10/12/2021,433.62,71181160,435.67,436.10,432.78
10/11/2021,434.69,65233290,437.16,440.26,434.62
10/08/2021,437.86,74557400,439.48,439.89,437.19
10/07/2021,438.66,72437500,438.39,441.68,438.20
10/06/2021,434.90,113032200,429.27,435.1199,427.54
10/05/2021,433.10,90682520,430.24,435.49,429.39
10/04/2021,428.64,128570000,433.00,433.96,426.36
10/01/2021,434.24,129240100,430.98,436.0329,427.23
09/30/2021,429.14,140506000,436.02,436.77,428.78
09/29/2021,434.45,82329210,435.19,437.04,433.85
09/28/2021,433.72,130436300,439.69,440.04,432.94
09/27/2021,442.64,61371110,442.81,444.05,441.90
09/24/2021,443.91,62094840,441.44,444.67,441.21
09/23/2021,443.18,76395980,439.85,444.89,439.60
09/22/2021,437.86,102350100,436.05,440.03,433.747
09/21/2021,433.63,92526110,436.53,437.91,433.07
09/20/2021,434.04,166445500,434.88,436.56,428.86
09/17/2021,441.40,118425000,444.92,445.37,441.02
09/16/2021,447.17,77786740,447.32,448.36,444.02
09/15/2021,447.88,78792220,444.62,448.41,443.44
09/14/2021,444.17,78197140,448.12,448.34,443.22
09/13/2021,446.58,83738650,448.64,448.92,444.11
09/10/2021,445.44,89948170,451.04,451.49,445.31
09/09/2021,448.98,57970410,450.70,452.57,448.72
09/08/2021,450.91,56181910,450.89,451.67,448.86
09/07/2021,451.46,51671530,452.71,452.81,450.7423
09/03/2021,453.08,47234360,451.98,453.63,451.55
09/02/2021,453.19,42830870,453.32,454.05,451.91
09/01/2021,451.80,48721380,452.56,453.11,451.545
08/31/2021,451.56,59300210,452.13,452.49,450.92
08/30/2021,452.23,48357360,450.97,453.07,450.71
08/27/2021,450.25,77235110,447.12,450.65,447.06
08/26/2021,446.26,57829570,448.61,448.86,446.16
08/25/2021,448.91,40529710,448.17,449.457,447.77
08/24/2021,447.97,38744710,447.97,448.54,447.42
08/23/2021,447.26,54973040,445.16,448.23,443.4355
08/20/2021,443.36,72008710,440.23,443.71,439.71
08/19/2021,439.86,92812250,436.27,441.14,436.12
08/18/2021,439.18,89351930,442.96,444.625,438.92
08/17/2021,444.04,92673930,444.24,444.96,440.85
08/16/2021,446.97,73930860,444.53,447.11,442.87
08/13/2021,445.92,39470250,445.59,445.94,445.07
08/12/2021,445.11,38942420,443.62,445.2572,442.66
08/11/2021,443.78,44034340,443.82,443.882,442.62
08/10/2021,442.68,43339280,442.61,443.44,441.88
08/09/2021,442.13,41222590,442.46,442.795,441.31
08/06/2021,442.49,46930010,442.10,442.94,441.80
08/05/2021,441.76,38969660,440.22,441.85,439.88
08/04/2021,438.98,46732210,439.78,441.1243,438.73
08/03/2021,441.15,58053900,438.44,441.28,436.10
08/02/2021,437.59,58783300,440.34,440.93,437.21
07/30/2021,438.51,68951200,437.91,440.06,437.77
07/29/2021,440.65,47435340,439.815,441.80,439.81
07/28/2021,438.83,52472360,439.68,440.30,437.31
07/27/2021,439.01,67397140,439.91,439.94,435.99
07/26/2021,441.02,43719190,439.31,441.03,439.26
07/23/2021,439.94,63766640,437.52,440.30,436.79
07/22/2021,435.46,47878540,434.74,435.72,433.69
07/21/2021,434.55,64724390,432.34,434.70,431.0111
07/20/2021,431.06,99608170,425.68,432.42,424.83
07/19/2021,424.97,147987000,426.19,431.4089,421.97
07/16/2021,431.34,75874660,436.01,436.06,430.92
07/15/2021,434.75,55126360,434.81,435.53,432.72
07/14/2021,436.24,64130350,437.40,437.92,434.91
07/13/2021,435.59,52911310,436.24,437.84,435.31
07/12/2021,437.08,52889590,435.43,437.35,434.97
07/09/2021,435.52,76238580,432.53,435.84,430.714
07/08/2021,430.92,97595230,428.78,431.73,427.52
07/07/2021,434.46,63549460,433.66,434.76,431.51
07/06/2021,432.93,68710420,433.78,434.01,430.01
07/02/2021,433.72,57697670,431.67,434.10,430.5218
07/01/2021,430.43,53441030,428.87,430.60,428.80
06/30/2021,428.06,64827860,427.21,428.78,427.18
06/29/2021,427.70,35970520,427.88,428.56,427.13
06/28/2021,427.47,53159580,427.17,427.65,425.89
06/25/2021,426.61,58129530,425.90,427.0943,425.55
06/24/2021,425.10,45110290,424.89,425.55,424.62
06/23/2021,422.60,49445410,423.19,424.05,422.51
06/22/2021,423.11,57700300,420.85,424.00,420.08
06/21/2021,420.86,72822030,416.80,421.06,415.93
06/18/2021,414.92,118676300,417.09,417.8281,414.70
06/17/2021,421.97,90949660,421.67,423.02,419.32
06/16/2021,422.11,80386080,424.63,424.87,419.92
06/15/2021,424.48,51508510,425.42,425.46,423.54
06/14/2021,425.26,42358480,424.43,425.37,423.10
06/11/2021,424.31,45570830,424.20,424.43,422.82
06/10/2021,423.61,51020150,422.96,424.63,421.55
06/09/2021,421.65,48436340,423.18,423.26,421.41
06/08/2021,422.28,47134280,423.11,423.21,420.32
06/07/2021,422.19,51555030,422.59,422.78,421.19
06/04/2021,422.60,55938790,420.75,422.92,418.8422
06/03/2021,418.77,58138760,417.85,419.99,416.28
06/02/2021,420.33,49097060,420.37,421.23,419.29
06/01/2021,419.67,54216630,422.57,422.72,419.20
05/28/2021,420.04,58520160,420.97,421.25,419.79
05/27/2021,419.29,56707680,420.17,420.72,418.9851
05/26/2021,419.07,43088620,418.87,419.61,417.76
05/25/2021,418.24,57451400,420.33,420.71,417.62
05/24/2021,419.17,51376700,417.34,420.32,417.08
05/21/2021,414.94,76578660,416.87,418.20,414.45
05/20/2021,415.28,78022220,411.80,416.625,411.67
05/19/2021,410.86,106467100,406.92,411.05,405.33
05/18/2021,411.94,59810240,415.80,416.06,411.77
05/17/2021,415.52,64882410,415.39,416.39,413.36
05/14/2021,416.58,82201630,413.21,417.49,413.18
05/13/2021,410.28,106394000,407.07,412.35,407.02
05/12/2021,405.41,134811000,411.23,412.59,404.00
05/11/2021,414.21,116888000,413.10,415.27,410.06
05/10/2021,417.94,81852450,422.50,422.74,417.81
05/07/2021,422.12,67733790,419.89,422.815,419.16
05/06/2021,419.07,74321370,415.83,419.21,413.675
05/05/2021,415.75,39960660,417.38,417.63,415.15
05/04/2021,415.62,101591200,416.07,416.60,411.67
05/03/2021,418.20,68128290,419.43,419.84,417.665
04/30/2021,417.30,85527030,417.63,418.54,416.34
04/29/2021,420.06,78544330,420.32,420.72,416.44
04/28/2021,417.40,51238850,417.81,419.01,416.90
04/27/2021,417.52,51303060,417.93,418.14,416.30
04/26/2021,417.61,52182390,417.44,418.22,416.8111
04/23/2021,416.74,73276200,412.87,418.25,412.79
04/22/2021,412.27,97582790,415.89,416.78,411.13
04/21/2021,416.07,66792980,411.51,416.29,411.36
04/20/2021,412.17,81851830,413.91,415.0859,410.59
04/19/2021,415.21,78498500,416.26,416.74,413.79
04/16/2021,417.26,82037280,417.25,417.91,415.73
04/15/2021,415.87,60229840,413.74,416.16,413.69
04/14/2021,411.45,61659910,412.83,413.96,410.87
04/13/2021,412.86,56550990,411.53,413.529,411.12
04/12/2021,411.64,56704900,410.85,411.93,410.20
04/09/2021,411.49,61104560,408.39,411.67,408.26
04/08/2021,408.52,57863110,407.93,408.58,406.93
04/07/2021,406.59,55836280,405.94,406.96,405.45
04/06/2021,406.12,62020950,405.76,407.24,405.40
04/05/2021,406.36,91684760,403.46,406.94,403.38
04/01/2021,400.61,99682880,398.40,400.67,398.18
03/31/2021,396.33,112734200,395.34,398.00,395.31
03/30/2021,394.73,76262250,394.42,395.45,393.02
03/29/2021,395.78,108107600,394.40,396.75,392.81
03/26/2021,395.98,114409100,390.93,396.41,390.29
03/25/2021,389.70,116128600,385.98,390.55,383.90
03/24/2021,387.52,97588640,391.00,392.75,387.47
03/23/2021,389.50,90686550,391.91,393.46,388.66
03/22/2021,392.59,73778650,390.03,394.07,389.97
03/19/2021,389.48,113624500,389.88,391.569,387.15
03/18/2021,391.48,115349100,394.475,396.72,390.75
03/17/2021,397.26,97959270,394.53,398.12,393.30
03/16/2021,395.91,73722510,397.07,397.83,395.08
03/15/2021,396.41,73592300,394.33,396.685,392.03
03/12/2021,394.06,64653570,392.07,394.21,391.20
03/11/2021,393.53,86245040,392.23,395.65,391.74
03/10/2021,389.58,109899400,389.69,391.40,388.1702
03/09/2021,387.17,113633600,385.85,389.91,381.7299
03/08/2021,381.72,123149200,384.66,387.68,381.42
03/05/2021,383.63,152039600,380.46,384.76,372.64
03/04/2021,376.70,183433000,381.22,384.00,371.88
03/03/2021,381.42,119940200,385.79,386.83,381.31
03/02/2021,386.54,79595330,389.82,390.07,386.00
03/01/2021,389.58,105348800,385.59,390.92,380.572
02/26/2021,380.36,152701600,384.35,385.58,378.23
02/25/2021,382.33,146670500,390.41,391.88,380.7789
02/24/2021,391.77,72433950,386.33,392.23,385.27
02/23/2021,387.50,107284100,384.66,388.945,380.20
02/22/2021,387.03,67414170,387.06,389.62,386.74
02/19/2021,390.03,83240970,392.07,392.38,389.55
02/18/2021,390.72,59712770,389.59,391.515,387.74
02/17/2021,392.39,52806680,390.42,392.66,389.33
02/16/2021,392.30,50972370,393.96,394.17,391.53
02/12/2021,392.64,50593270,389.85,392.90,389.77
02/11/2021,390.71,42913290,391.24,391.69,388.10
02/10/2021,390.08,59154370,392.12,392.28,387.50
02/09/2021,390.25,35551060,389.61,390.89,389.17
02/08/2021,390.51,38365190,389.27,390.56,388.35
02/05/2021,387.71,48669770,388.20,388.47,386.1444
02/04/2021,386.19,47142560,382.96,386.24,381.9655
02/03/2021,381.85,52427090,382.435,383.70,380.48
02/02/2021,381.55,64450660,379.65,383.22,376.3181
02/01/2021,376.23,75817600,373.72,377.34,370.376
01/29/2021,370.07,126765100,375.63,376.67,368.27
01/28/2021,377.63,94198100,376.36,381.93,375.89
01/27/2021,374.41,123351100,380.22,380.32,372.01
01/26/2021,383.79,42665280,385.41,385.85,383.54
01/25/2021,384.39,70401970,383.67,384.77,378.46
01/22/2021,382.88,52136930,382.25,384.1256,381.835
01/21/2021,384.24,47955810,384.49,384.95,383.25
01/20/2021,383.89,61836060,381.11,384.79,380.69
01/19/2021,378.65,51233300,378.34,379.23,376.75
01/15/2021,375.70,107160000,376.72,377.58,373.70
01/14/2021,378.46,49989110,380.59,381.13,378.10
01/13/2021,379.79,45303620,378.69,380.86,377.85
01/12/2021,378.77,52547720,378.89,379.86,376.36
01/11/2021,378.69,51176720,377.85,380.58,377.7189
01/08/2021,381.26,71677210,380.59,381.49,377.10
01/07/2021,379.10,68766810,376.10,379.90,375.91
01/06/2021,373.55,107997700,369.71,376.98,369.12
01/05/2021,371.33,66426230,368.10,372.50,368.05
01/04/2021,368.79,110210800,375.31,375.45,364.82
12/31/2020,373.88,78520700,371.78,374.66,371.232
12/30/2020,371.99,49455260,372.34,373.10,371.57
12/29/2020,371.46,53680450,373.81,374.00,370.83
12/28/2020,372.17,39000400,371.74,372.59,371.07
12/24/2020,369.00,26457850,368.08,369.03,367.45
12/23/2020,367.57,46201400,368.28,369.62,367.2172
12/22/2020,367.24,48388460,368.21,368.3317,366.03
12/21/2020,367.86,96386750,364.97,378.46,362.03
12/18/2020,369.18,136542300,370.97,371.15,367.02
12/17/2020,372.24,64119470,371.94,372.46,371.05
12/16/2020,370.17,58420520,369.82,371.16,368.8676
12/15/2020,369.59,64071100,367.40,369.59,365.92
12/14/2020,364.66,69216170,368.64,369.80,364.47
12/11/2020,366.30,57698610,364.90,366.7402,363.26
12/10/2020,366.73,57735350,365.37,367.86,364.43
12/09/2020,366.85,74098310,370.88,371.05,365.95
12/08/2020,370.17,42458860,367.72,370.78,367.67
12/07/2020,369.09,48944270,369.02,369.62,367.72
12/04/2020,369.85,50749860,367.32,369.85,367.22
12/03/2020,366.69,62882000,366.68,368.19,365.50
12/02/2020,366.79,45927000,364.82,366.96,364.20
12/01/2020,366.02,74504970,365.57,367.68,364.93
11/30/2020,362.06,83872710,362.83,363.12,359.17
11/27/2020,363.67,28514070,363.84,364.18,362.58
11/25/2020,362.66,45330890,363.13,363.16,361.48
11/24/2020,363.22,62415880,360.21,363.81,359.29
11/23/2020,357.46,63230610,357.28,358.82,354.865
11/20/2020,355.33,70411890,357.50,357.72,355.25
11/19/2020,357.78,59940950,355.60,358.18,354.15
11/18/2020,356.28,70591300,360.91,361.50,356.24
11/17/2020,360.62,66111010,359.97,361.92,358.34
11/16/2020,362.57,74541140,360.98,362.78,359.59
11/13/2020,358.10,62959430,355.27,358.90,354.71
11/12/2020,353.21,68118560,355.58,356.7182,351.26
11/11/2020,356.67,58649050,356.40,357.56,355.06
11/10/2020,354.04,85552020,353.49,355.18,350.51
11/09/2020,354.56,172304200,363.97,364.38,354.06
11/06/2020,350.16,74972970,349.93,351.51,347.65
11/05/2020,350.24,82039750,349.24,352.19,348.86
11/04/2020,343.54,126959700,340.86,347.94,339.59
11/03/2020,336.03,93294190,333.69,338.25,330.2935
11/02/2020,330.20,86068300,330.20,332.36,327.24
10/30/2020,326.54,120448700,328.28,329.69,322.60
10/29/2020,329.98,90597690,326.91,333.395,325.09
10/28/2020,326.66,127094300,332.10,338.2483,326.13
10/27/2020,338.22,65994110,339.76,340.12,337.99
10/26/2020,339.39,91473000,342.13,342.98,335.62
10/23/2020,345.78,49143930,345.93,345.99,343.13
10/22/2020,344.61,55399290,342.96,345.24,340.65
10/21/2020,342.73,63574980,343.33,348.6847,342.40
10/20/2020,343.38,60051880,343.46,346.88,342.64
10/19/2020,342.01,68425610,348.65,349.33,341.04
10/16/2020,347.29,89501870,348.96,350.75,347.10
10/15/2020,347.50,60357660,343.71,348.02,343.13
10/14/2020,347.93,57958750,350.75,351.93,347.14
10/13/2020,350.13,73255510,352.28,352.4651,349.09
10/12/2020,352.43,80388530,349.59,354.02,349.06
10/09/2020,346.85,59528610,345.56,347.35,344.89
10/08/2020,343.78,45242480,342.85,343.85,341.86
10/07/2020,340.76,56999600,338.12,341.63,338.09
10/06/2020,334.93,90128880,339.91,342.17,334.38
10/05/2020,339.76,45713110,336.06,339.96,336.01
10/02/2020,333.84,89431110,331.70,337.0126,331.19
10/01/2020,337.04,88698750,337.69,338.74,335.01
09/30/2020,334.89,104081100,333.09,338.29,332.88
09/29/2020,332.37,51531590,333.97,334.77,331.6209
09/28/2020,334.19,64584610,333.22,334.96,332.15
09/25/2020,328.73,71069430,322.58,329.58,321.64
09/24/2020,323.50,76681330,321.22,326.797,319.80
09/23/2020,322.64,93112240,330.90,331.20,322.10
09/22/2020,330.30,63612110,328.57,330.90,325.86
09/21/2020,326.97,99450830,325.70,327.13,321.73
09/18/2020,330.65,105877900,335.37,335.49,327.97
09/17/2020,335.84,91523340,333.56,337.6996,332.991
09/16/2020,338.82,82211260,341.51,343.06,338.52
09/15/2020,340.17,52920860,341.12,342.02,338.4683
09/14/2020,338.46,65605690,337.49,340.38,334.2208
09/11/2020,334.06,84680190,335.82,336.97,331.00
09/10/2020,333.89,90569550,341.82,342.53,332.85
09/09/2020,339.79,91462290,337.55,342.46,336.61
09/08/2020,333.21,114465300,336.71,342.64,332.88
09/04/2020,342.57,139156300,346.13,347.83,334.87
09/03/2020,345.39,148011100,355.87,356.38,342.59
09/02/2020,357.70,69540040,354.67,358.75,353.43
09/01/2020,352.60,54999330,350.21,352.71,349.24
08/31/2020,349.31,66099180,350.35,351.30,349.06
08/28/2020,350.58,48588940,349.44,350.72,348.15
08/27/2020,348.33,58034140,348.51,349.90,346.53
08/26/2020,347.57,50790240,344.76,347.86,344.17
08/25/2020,344.12,38463380,343.53,344.21,342.27
08/24/2020,342.92,48588660,342.12,343.00,339.4504
08/21/2020,339.48,55106630,337.92,339.72,337.55
08/20/2020,338.28,42207830,335.36,338.80,335.22
08/19/2020,337.23,68054240,339.05,339.61,336.62
08/18/2020,338.64,38733910,338.34,339.10,336.61
08/17/2020,337.91,35480970,337.94,338.34,336.8517
08/14/2020,336.84,47260390,336.41,337.42,335.62
08/13/2020,336.83,41816150,336.61,338.2514,335.83
08/12/2020,337.44,53826130,335.44,338.28,332.8377
08/11/2020,332.80,69601090,336.85,337.54,332.01
08/10/2020,335.57,44282090,335.06,335.77,332.955
08/07/2020,334.57,57308270,333.28,334.88,332.30
08/06/2020,334.33,43679450,331.48,334.46,331.13
08/05/2020,332.11,42866350,331.47,332.39,331.18
08/04/2020,330.06,41917890,327.86,330.06,327.86
08/03/2020,328.79,53077950,328.32,329.62,327.73
07/31/2020,326.52,85210760,325.90,326.63,321.33
07/30/2020,323.96,61861710,321.90,324.41,319.64
07/29/2020,325.12,48454160,322.12,325.73,322.075
07/28/2020,321.17,57494980,322.43,323.64,320.85
07/27/2020,323.22,48292970,321.63,323.41,320.775
07/24/2020,320.88,73766600,320.95,321.99,319.246
07/23/2020,322.96,75737990,326.47,327.23,321.48
07/22/2020,326.86,57792920,324.62,327.20,324.50
07/21/2020,325.01,57498970,326.45,326.93,323.94
07/20/2020,324.32,56308850,321.43,325.13,320.62
07/17/2020,321.72,62774910,321.88,322.57,319.735
07/16/2020,320.79,54622520,319.79,321.28,319.09
07/15/2020,321.85,87196520,322.41,323.04,319.265
07/14/2020,318.92,93656950,313.30,319.76,312.00
07/13/2020,314.84,102997500,320.13,322.71,314.13
07/10/2020,317.59,57550370,314.31,317.88,312.76
07/09/2020,314.38,83354160,316.84,317.10,310.68
07/08/2020,316.18,54638600,314.61,316.30,312.70
07/07/2020,313.78,82909960,315.38,317.52,313.37
07/06/2020,317.05,61713830,316.37,317.68,315.56
07/02/2020,312.23,69344220,314.24,315.70,311.51
07/01/2020,310.52,72396540,309.57,311.89,309.07
06/30/2020,308.36,113394800,303.99,310.20,303.82
06/29/2020,304.46,79773260,301.41,304.61,298.93
06/26/2020,300.05,127961000,306.16,306.39,299.42
06/25/2020,307.35,89467970,303.47,307.64,301.28
06/24/2020,304.09,132813500,309.84,310.51,302.10
06/23/2020,312.05,68471250,313.49,314.50,311.6101
06/22/2020,310.62,74649390,307.99,311.05,306.75
06/19/2020,308.64,135549600,314.17,314.38,306.53
06/18/2020,311.78,80828660,310.005,312.30,309.51
06/17/2020,311.66,83398940,314.07,314.39,310.86
06/16/2020,312.96,137627500,315.48,315.64,307.67
06/15/2020,307.05,135782700,298.02,308.28,296.74
06/12/2020,304.21,194678900,308.24,309.08,298.60
06/11/2020,300.61,209243600,311.46,312.15,300.01
06/10/2020,319.00,95000770,321.42,322.39,318.2209
06/09/2020,320.79,77479230,320.30,323.2849,319.36
06/08/2020,323.20,73641220,320.22,323.41,319.63
06/05/2020,319.34,150524700,317.23,321.275,317.16
06/04/2020,311.36,75794360,311.11,313.00,309.08
06/03/2020,312.18,92567570,310.24,313.22,309.94
06/02/2020,308.08,74267160,306.55,308.13,305.10
06/01/2020,305.55,56779840,303.62,306.205,303.06
05/29/2020,304.32,119265700,302.46,304.96,299.47
05/28/2020,302.97,90767810,304.65,306.84,302.24
05/27/2020,303.53,104817400,302.12,303.57,296.87
05/26/2020,299.08,88951440,301.93,302.19,295.4646
05/22/2020,295.44,63958200,294.57,295.63,293.22
05/21/2020,294.88,78293930,296.79,297.67,293.6886
05/20/2020,296.93,85861690,295.82,297.87,295.57
05/19/2020,291.97,95189320,294.35,296.205,291.95
05/18/2020,295.00,120320200,293.05,296.75,292.70
05/15/2020,286.28,111146300,282.37,286.33,281.34
05/14/2020,284.97,121977900,278.95,285.11,272.99
05/13/2020,281.60,144721100,286.06,287.19,278.965
05/12/2020,286.67,95870790,293.79,294.24,286.52
05/11/2020,292.50,79514230,290.34,294.00,289.88
05/08/2020,292.44,76622130,291.09,292.95,289.86
05/07/2020,287.68,75250410,287.75,289.78,287.13
05/06/2020,284.25,73632630,288.04,288.46,283.78
05/05/2020,286.19,79569940,286.64,289.25,283.7134
05/04/2020,283.57,80873210,280.74,283.90,279.13
05/01/2020,282.79,125180000,285.31,290.6572,281.52
04/30/2020,290.48,122901700,291.71,293.3239,288.59
04/29/2020,293.21,118745600,291.53,294.88,290.41
04/28/2020,285.73,105270000,291.02,291.40,285.40
04/27/2020,287.05,77896610,285.12,288.27,284.62
04/24/2020,282.97,85165950,280.73,283.70,278.50
04/23/2020,279.08,104709700,280.49,283.94,278.75
04/22/2020,279.10,93524580,278.35,281.00,276.91
04/21/2020,273.04,126385700,276.73,278.04,272.02
04/20/2020,281.59,100109300,282.61,286.7912,281.35
04/17/2020,286.64,146684800,285.38,287.30,282.40
04/16/2020,279.10,131798300,279.15,280.03,275.76
04/15/2020,277.76,121775000,277.57,283.9407,275.46
04/14/2020,283.79,134143400,280.98,284.90,275.5106
04/13/2020,275.66,114839100,277.14,277.51,271.41
04/09/2020,278.20,190282700,277.58,281.20,275.47
04/08/2020,274.03,153774500,267.96,276.00,265.2542
04/07/2020,265.13,201427200,274.21,275.03,264.89
04/06/2020,264.86,188061200,257.84,267.00,248.1698
04/03/2020,248.19,135561200,250.76,253.32,245.22
04/02/2020,251.83,177660400,245.19,252.68,244.59
04/01/2020,246.15,189554600,247.98,257.6591,243.90
03/31/2020,257.75,194881100,260.56,263.33,256.22
03/30/2020,261.65,170961900,255.70,262.43,253.53
03/27/2020,253.42,224341200,253.27,260.81,251.05
03/26/2020,261.20,257632800,249.52,262.80,249.05
03/25/2020,246.79,299430300,244.87,256.35,239.75
03/24/2020,243.15,235494500,234.42,244.10,233.80
03/23/2020,222.95,326025200,228.19,229.6833,218.26
03/20/2020,228.80,347158800,242.53,244.47,228.50
03/19/2020,240.51,289322000,239.25,247.38,232.22
03/18/2020,240.00,327597100,236.25,248.37,228.02
03/17/2020,252.80,262070500,245.04,256.17,237.07
03/16/2020,239.85,297240000,241.18,256.90,237.36
03/13/2020,269.32,329566100,263.09,271.4754,248.5237
03/12/2020,248.11,392220700,256.00,266.66,247.68
03/11/2020,274.36,256416600,280.70,281.94,270.88
03/10/2020,288.42,276444100,284.64,288.52,273.50
03/09/2020,274.23,309417300,275.30,284.19,273.45
03/06/2020,297.46,228667200,293.15,298.78,290.23
03/05/2020,302.46,186366800,304.98,308.47,300.01
03/04/2020,312.86,176613400,306.12,313.10,303.33
03/03/2020,300.24,300139100,309.50,313.84,297.57
03/02/2020,309.09,238703600,298.21,309.16,294.46
02/28/2020,296.26,385764000,288.70,297.892,285.54
02/27/2020,297.51,284353500,305.46,311.5637,297.51
02/26/2020,311.50,194773800,314.18,318.11,310.70
02/25/2020,312.65,218913200,323.94,324.61,311.69
02/24/2020,322.42,161088400,323.14,333.5623,321.24
02/21/2020,333.48,113788200,335.47,335.81,332.58
02/20/2020,336.95,74163360,337.7423,338.64,333.6817
02/19/2020,338.34,48814690,337.79,339.08,337.48
02/18/2020,336.73,57342530,336.51,337.6677,335.21
02/14/2020,337.60,64582210,337.51,337.73,336.20
02/13/2020,337.06,54501920,335.862,338.12,335.56
02/12/2020,337.42,43992660,336.83,337.65,336.43
02/11/2020,335.26,54864530,336.16,337.02,334.684
02/10/2020,334.68,42070010,331.23,334.75,331.19
02/07/2020,332.20,64139440,332.82,333.9941,331.60
02/06/2020,333.98,50359690,333.91,334.19,332.80
02/05/2020,332.86,65951150,332.27,333.09,330.67
02/04/2020,329.06,62573190,328.07,330.01,327.72
02/03/2020,324.12,69242290,323.35,326.16,323.22
01/31/2020,321.73,113845600,327.00,327.17,320.73
01/30/2020,327.68,75491840,324.36,327.91,323.54
01/29/2020,326.62,54040890,328.38,328.63,326.40
01/28/2020,326.89,63833950,325.06,327.85,323.6038
01/27/2020,323.50,84062460,323.03,325.12,322.66
01/24/2020,328.77,87578440,332.44,332.53,327.36
01/23/2020,331.72,51962990,330.63,332.1682,329.41
01/22/2020,331.34,48914900,332.24,332.95,331.17
01/21/2020,331.30,77742420,330.90,332.18,330.82
01/17/2020,331.95,95846020,331.70,332.18,330.8539
01/16/2020,330.92,54050330,329.70,330.92,329.45
01/15/2020,328.19,72056600,327.35,329.02,327.26
01/14/2020,327.45,63036380,327.47,328.62,326.844
01/13/2020,327.95,47262010,326.39,327.96,325.92
01/10/2020,325.71,53057390,327.29,327.46,325.20
01/09/2020,326.65,48569600,326.16,326.73,325.52
01/08/2020,324.45,68434150,322.94,325.78,322.67
01/07/2020,322.73,42854810,323.02,323.54,322.24
01/06/2020,323.64,55761950,320.49,323.73,320.36
01/03/2020,322.41,77783120,321.16,323.64,321.10
01/02/2020,324.87,59253830,323.54,324.89,322.53
12/31/2019,321.86,57107000,320.53,322.13,320.15
12/30/2019,321.08,49782730,322.95,323.10,320.55
12/27/2019,322.86,42554820,323.74,323.80,322.28
12/26/2019,322.94,31024190,321.65,322.95,321.64
12/24/2019,321.23,20270010,321.47,321.52,320.90
12/23/2019,321.22,53015640,321.59,321.65,321.06
12/20/2019,320.73,149338200,320.46,321.9742,319.3873
12/19/2019,320.90,85388420,319.80,320.98,319.5246
12/18/2019,319.59,48199960,320.00,320.25,319.53
12/17/2019,319.57,61131770,319.92,320.25,319.48
12/16/2019,319.50,82836130,319.22,320.15,317.2542
12/13/2019,317.32,81546490,316.87,318.67,316.02
12/12/2019,317.13,96585800,314.43,317.99,314.17
12/11/2019,314.42,53521450,314.03,314.70,313.4393
12/10/2019,313.53,53107130,313.82,314.55,312.81
12/09/2019,313.88,34904320,314.44,315.18,313.80
12/06/2019,314.87,48956770,314.12,315.31,314.11
12/05/2019,312.02,40781670,312.23,312.25,310.58
12/04/2019,311.46,49190400,310.70,312.12,310.32
12/03/2019,309.55,75172710,308.65,309.64,307.13
12/02/2019,311.64,76110030,314.59,314.66,311.17
11/29/2019,314.31,36592740,314.86,315.13,314.06
11/27/2019,315.48,44793180,314.61,315.48,314.37
11/26/2019,314.08,37727950,313.41,314.28,313.06
11/25/2019,313.37,48762680,311.98,313.37,311.98
11/22/2019,310.96,44850230,311.09,311.24,309.85
11/21/2019,310.27,54664690,310.89,311.01,309.39
11/20/2019,310.77,79696280,311.28,311.85,309.06
11/19/2019,311.93,67927820,312.68,312.69,311.22
11/18/2019,312.02,49327980,311.53,312.28,311.03
11/15/2019,311.79,62706190,311.02,311.84,310.26
11/14/2019,309.55,52001870,308.79,309.64,308.09
11/13/2019,309.10,54459020,307.91,309.54,307.66
11/12/2019,309.00,46484620,308.75,309.99,308.15
11/11/2019,308.35,35934910,307.42,308.54,307.27
11/08/2019,308.94,49068800,307.80,309.0036,307.03
11/07/2019,308.18,54272270,308.57,309.65,307.66
11/06/2019,307.10,46487110,307.03,307.40,306.06
11/05/2019,307.03,42933220,307.59,307.9195,306.71
11/04/2019,307.37,60606920,307.85,308.00,306.96
11/01/2019,306.14,71141520,304.92,306.19,304.74
10/31/2019,303.33,69053790,304.13,304.13,301.73
10/30/2019,304.14,49643930,303.43,304.55,301.99
10/29/2019,303.21,44284920,303.00,304.23,302.86
10/28/2019,303.30,42146970,302.94,303.85,302.91
10/25/2019,301.60,45205410,299.74,302.20,299.6806
10/24/2019,300.37,35857460,300.91,301.07,299.4601
10/23/2019,299.88,34991830,298.73,299.94,298.495
10/22/2019,299.01,49126040,300.58,300.90,298.91
10/21/2019,299.99,39460900,299.42,300.21,298.935
10/18/2019,297.97,64338030,298.69,299.395,296.99
10/17/2019,299.28,46784890,299.68,300.24,298.515
10/16/2019,298.40,50563600,298.37,299.16,297.92
10/15/2019,298.88,47832360,297.10,299.70,296.97
10/14/2019,295.95,40546670,295.93,296.67,295.57
10/11/2019,296.28,101228600,296.27,298.74,296.1448
10/10/2019,293.24,57255970,291.18,294.21,291.00
10/09/2019,291.27,65707330,290.75,292.30,288.6559
10/08/2019,288.53,101575500,291.04,291.85,288.49
10/07/2019,293.08,60656560,293.47,295.26,292.77
10/04/2019,294.35,66700680,291.14,294.63,290.82
10/03/2019,290.42,85906800,287.81,290.45,284.82
10/02/2019,288.06,124524000,291.50,291.51,286.64
10/01/2019,293.24,89900420,297.74,298.455,293.00
09/30/2019,296.77,52562760,295.97,297.55,295.92
09/27/2019,295.40,84781110,297.83,297.9465,293.69
09/26/2019,297.00,58722360,297.63,297.86,295.45
09/25/2019,297.62,73434080,295.96,298.11,294.33
09/24/2019,295.87,97367570,299.41,299.84,294.81
09/23/2019,298.21,47541320,297.55,299.00,297.27
09/20/2019,298.28,97455980,300.36,300.67,297.41
09/19/2019,301.08,78099220,301.53,302.63,300.7103
09/18/2019,301.10,74192090,300.49,301.22,298.24
09/17/2019,300.92,42904430,299.94,301.02,299.75
09/16/2019,300.16,58191180,299.84,301.1378,299.45
09/13/2019,301.09,62104840,301.78,302.17,300.68
09/12/2019,301.29,72908750,301.25,302.46,300.41
09/11/2019,300.25,68821070,298.47,300.34,297.75
09/10/2019,298.13,57947100,297.36,298.20,295.97
09/09/2019,298.20,51260290,299.14,299.24,297.16
09/06/2019,298.05,49584290,298.17,298.76,297.42
09/05/2019,297.82,83356780,296.79,298.83,294.001
09/04/2019,294.04,47003960,293.14,294.055,292.31
09/03/2019,290.74,69231880,290.57,291.58,289.27
08/30/2019,292.45,62961780,294.22,294.2399,291.42
08/29/2019,292.58,57998910,291.72,293.16,290.61
08/28/2019,288.89,59852320,286.14,289.07,285.25
08/27/2019,286.87,68263000,289.54,289.95,286.03
08/26/2019,288.00,72620600,287.27,288.00,285.58
08/23/2019,284.85,149318200,290.92,292.76,283.47
08/22/2019,292.36,51739290,293.23,293.93,290.40
08/21/2019,292.45,49723430,292.48,292.86,291.72
08/20/2019,290.09,51652750,291.77,292.36,289.95
08/19/2019,292.33,53640150,292.19,293.08,291.44
08/16/2019,288.85,85825290,286.48,289.33,284.7138
08/15/2019,284.65,101929800,284.88,285.64,282.39
08/14/2019,283.90,135622100,288.07,292.4644,283.76
08/13/2019,292.55,94792970,287.74,294.15,287.36
08/12/2019,288.07,65527630,289.96,291.6052,287.02
08/09/2019,291.62,93729960,292.58,293.24,289.65
08/08/2019,293.62,87713900,289.62,293.62,289.01
08/07/2019,287.97,140572300,284.40,288.82,282.04
08/06/2019,287.80,120711700,285.91,288.04,284.28
08/05/2019,283.82,178745400,288.09,288.21,281.72
08/02/2019,292.62,116749700,293.85,294.12,290.90
08/01/2019,294.84,142646600,297.60,300.87,293.96
07/31/2019,297.43,104245200,300.99,301.20,295.20
07/30/2019,300.72,45849050,299.91,301.17,299.49
07/29/2019,301.46,38126460,301.88,301.93,300.85
07/26/2019,302.01,45084080,300.76,302.23,300.62
07/25/2019,300.00,55394090,300.94,301.00,299.11
07/24/2019,301.44,47213230,299.19,301.44,299.09
07/23/2019,300.03,44657970,299.14,300.03,298.22
07/22/2019,297.90,43687400,297.61,298.50,297.04
07/19/2019,297.17,71081240,300.04,300.07,296.96
07/18/2019,298.83,51701690,297.19,299.25,296.70
07/17/2019,297.74,44102440,299.75,299.93,297.74
07/16/2019,299.71,40567960,300.65,300.88,299.44
07/15/2019,300.75,33910260,301.13,301.13,300.19
07/12/2019,300.65,40354410,299.85,300.73,299.51
07/11/2019,299.31,50889480,299.32,299.58,298.20
07/10/2019,298.61,58595560,298.37,299.66,297.78
07/09/2019,297.19,41101280,295.54,297.52,295.48
07/08/2019,296.82,45841770,297.01,298.2579,296.22
07/05/2019,298.46,51677330,297.44,298.64,296.01
07/03/2019,298.80,40898900,297.18,298.82,297.02
07/02/2019,296.43,61504540,295.61,296.49,294.68
07/01/2019,295.66,79107470,296.68,296.92,294.33
06/28/2019,293.00,59350930,292.58,293.55,292.01
06/27/2019,291.50,40355240,291.31,292.06,290.89
06/26/2019,290.47,51584900,291.75,292.31,290.345
06/25/2019,290.76,82028660,293.70,293.73,290.64
06/24/2019,293.64,47582730,294.23,294.58,293.47
06/21/2019,294.00,83309470,294.13,295.52,293.76
06/20/2019,295.86,116570000,296.04,296.3093,293.1255
06/19/2019,293.06,78674380,292.55,293.65,291.47
06/18/2019,292.40,85434820,291.39,293.57,290.99
06/17/2019,289.37,39205710,289.52,290.22,289.18
06/14/2019,289.26,52324720,289.26,289.93,288.41
06/13/2019,289.58,48945160,289.40,289.98,288.62
06/12/2019,288.39,47096310,288.64,289.26,287.815
06/11/2019,288.90,58641330,290.99,291.40,288.1805
06/10/2019,288.97,60799050,289.37,290.82,288.8734
06/07/2019,287.65,74272200,285.93,288.85,285.74
06/06/2019,284.80,69430380,283.29,285.55,282.57
06/05/2019,282.96,71169720,282.33,282.99,280.32
06/04/2019,280.53,77231890,277.12,280.68,276.62
06/03/2019,274.57,96427950,275.31,276.5521,273.09
05/31/2019,275.27,86862780,276.20,277.12,275.24
05/30/2019,279.03,62523780,279.11,280.04,277.805
05/29/2019,278.27,104972900,278.91,279.36,276.71
05/28/2019,280.15,70029360,283.09,284.15,280.13
05/24/2019,282.78,55268100,283.74,284.20,282.09
05/23/2019,282.14,98733850,283.16,283.21,280.57
05/22/2019,285.63,49482470,285.45,286.69,285.10
05/21/2019,286.51,46847090,285.83,286.93,285.55
05/20/2019,283.95,62877610,284.06,285.43,283.12
05/17/2019,285.84,100353000,285.14,288.60,285.1207
05/16/2019,287.70,76749640,285.84,289.21,285.76
05/15/2019,285.06,73956410,281.59,285.77,281.36
05/14/2019,283.40,77003230,281.99,285.10,281.85
05/13/2019,280.86,127290500,282.42,283.49,279.93
05/10/2019,288.10,112429300,285.62,288.94,282.30
05/09/2019,286.66,103471100,285.23,287.33,283.30
05/08/2019,287.53,91568290,287.53,289.43,286.87
05/07/2019,287.93,144729900,290.15,290.81,285.81
05/06/2019,292.82,107198100,289.25,293.31,288.90
05/03/2019,294.03,56543650,292.82,294.34,291.2998
05/02/2019,291.18,65030170,291.68,292.70,289.52
05/01/2019,291.81,71671870,294.72,294.95,291.80
04/30/2019,294.02,78594690,293.49,294.34,291.92
04/29/2019,293.87,57043380,293.51,294.45,293.41
04/26/2019,293.41,50868100,292.10,293.49,291.2401
04/25/2019,292.05,57578550,292.12,292.78,290.73
04/24/2019,292.23,49470960,292.79,293.16,292.07
04/23/2019,292.88,52136160,290.68,293.14,290.42
04/22/2019,290.27,39992680,289.17,290.435,289.07
04/18/2019,290.02,68662280,290.10,290.32,288.66
04/17/2019,289.45,58028490,291.40,291.425,288.99
04/16/2019,290.16,52066270,290.95,291.01,289.50
04/15/2019,289.97,49795630,290.24,290.35,289.075
04/12/2019,290.16,69638530,290.00,290.47,288.261
04/11/2019,288.21,54940520,288.83,288.84,287.578
04/10/2019,288.29,52463390,287.77,288.3899,287.31
04/09/2019,287.31,66072820,287.72,288.08,286.70
04/08/2019,288.79,53462150,288.10,288.91,287.37
04/05/2019,288.57,58454610,287.92,288.63,287.60
04/04/2019,287.18,48868830,286.78,287.459,286.01
04/03/2019,286.42,68027480,287.32,287.76,285.75
04/02/2019,285.97,39939210,286.04,286.23,285.09
04/01/2019,285.83,77289510,284.70,286.16,284.40
03/29/2019,282.48,81882480,282.39,282.84,281.14
03/28/2019,280.71,55987830,280.35,281.21,279.07
03/27/2019,279.65,72092750,281.11,281.76,277.93
03/26/2019,281.12,67884060,280.99,282.18,279.56
03/25/2019,279.04,84898680,278.87,280.1853,277.64
03/22/2019,279.25,122400900,283.22,283.8034,279.18
03/21/2019,284.73,79394020,280.64,285.18,280.59
03/20/2019,281.55,84349430,282.16,283.50,280.32
